Date,Hash/Parent Hash,Amount,Receiver,"Fee, Gwei"
4/15/2023 5:07,0xebca6a491eae496e3cfe92930a7f5791a19d1e76f1362b85d1af31e9320882ca,39552745.58,Excoino,473365.9814
3/16/2023 16:55,0x650ac47a59f20ca54c35f4967b6d455010e30ecd96e873f139a0aceb26cdb9bd,100000000,Excoino,549951.7154
3/13/2023 5:44,0xfc05e4ed57231888702bcd27b34000f3b37495c4559733bc232a2a44cd1a0ef5,280000000,Excoino,329447.3284
3/12/2023 19:59,0xf13500231068322c5272fc5817fab518f842626500abddf9eb81632c9391ed98,550000000,Excoino,531204.2569
3/12/2023 11:16,0x9b4e0394d7e052d69b15782745d9f66e1f144ad90e934041b9191545ed64572e,900000000,Excoino,338765.9722
3/11/2023 13:08,0x2c2f15381fa7245e99f5d38b87569d4adb4f4e47d3e6b8e2333a0e26ceb770c6,900000000,Excoino,1262126.011
3/10/2023 20:54,0xbd704b55130b6f19af13d529e3a90ae610b47cc91bc716c51801b0fd092ad4d9,350000000,Excoino,1079896.923
3/10/2023 10:34,0x3d453884680c8f831275c8334577cb2e4ea6dc8fe72c81d537c0807969414fa5,1400000000,Excoino,696278.5409
3/10/2023 0:28,0x6ae3b0b81e920024da0ce37b0b638cf9abc36545d372093219eef054352126e6,300000000,Excoino,942523.8503
3/8/2023 9:59,0x7727901e84e850706e346671743205d2281a149b699d38723b2006233f90b59d,5000000000,Excoino,387154.1277
3/7/2023 18:52,0x5040eafe0ffd2299d6b2cd16eacdb543665440d09dae6a1b69743b3b96881e10,760000000,Excoino,777318.6936
3/7/2023 7:22,0x9d5e8066081a042a8a2dd6f97464ae6c664b83516d5110a1923139a77bd5e332,1400000000,Excoino,455303.9983
3/5/2023 10:11,0x486b36a1c17f8f72bb9b2fffbcca39267e415db9b5102c6e4b1511977d4ee3a0,700000000,Excoino,382689.5512
3/4/2023 10:09,0x524ebf7b0e04fda390b02166e511104f3628a292aa954af5c11a3d03f551577b,600000000,Excoino,441663.9895
3/3/2023 21:13,0x9e447c291b74b8ad512ad555eab82a0d7e0f4da993fd8eb65488ef640c6f8fde,900000000,Excoino,595720.2773
3/3/2023 10:41,0x16a9e9054cce67994e31490521d0ecdf2bc752f9eccb4357a2996250669c74c0,1000000000,Excoino,425473.1103
3/1/2023 9:02,0x8baf0baf0a830eafd87e29ab75621a3b9d52f3ee03d6a827d8f4845d2031fbc4,1000000000,Excoino,704185.4038
2/28/2023 21:52,0xe4f7a404bf795f5207c5e4f7dd7fbf9275e4d1b16bce637d57c0ce0f4cdef544,130000000,Excoino,1118303.017
2/28/2023 20:41,0x5210747cc12d53256b5924865b8b42e99e41c59bf1245b63dc22090696317445,1000000000,Excoino,591476.4625
2/26/2023 21:52,0x721ef2eed395d0a69d37b6f3c469d3aa5fe8b38f5fd85236097d713c7b62777b,900000000,Excoino,554388.1885
2/26/2023 13:56,0x0078c77abd0002b422e32426f8f8c72c04dde9513f100f7d7c7cfd2046fa2df5,300000000,Excoino,463887.5234
2/24/2023 19:43,0x87f2a1189b5444d7fd9600ded49fda2898e31452166471b039a6d48630884246,1300000000,Excoino,555637.3617
2/24/2023 9:38,0xfa483de697d59c1245d249740dc395357b1d40d9e668611acc729dcb06d1ccf0,200000000,Excoino,566374.0806
2/23/2023 13:16,0x829a7b0dbd84a71b7d5ed76c2f3a800e94eca14ab32d81745e5cb5f32c21c1bf,1000000000,Excoino,676279.5866
2/22/2023 19:25,0x999513809a9c4ada2e7676839a65bff9c2da451d7d84df9e2b053149327e6908,650000000,Excoino,848839.496
2/22/2023 14:30,0x48524a5ffe9167c63a034d27a42ca873dbc6c21c265263a395cc894f1f0f8f8c,750000000,Excoino,939105.907
2/22/2023 7:10,0x549e16f4cb12649afe5869e1483f49aa28d1775ae4fa08e9d5cde1d771ce4e3e,1000000000,Excoino,506689.1312
2/21/2023 22:25,0x39b618272b50991c678c93889aad440455df95c6763a073b7deb804419ca983b,1300000000,Excoino,680305.1577
2/21/2023 9:06,0xa5070a71d9c942aa024cbf87aa146d8b9c4e7bb288f662199a4f358e5d364f87,1700000000,Excoino,572408.5355
2/21/2023 5:31,0x3fefd2a22d167ec3b8c420b8232e466430a49b919f71ce6e93c4dbb938889365,1200000000,Excoino,668155.5039
2/19/2023 21:07,0x59b134534bcaa4a69caa65049703e5ce4a78b984e6b6809d427c594048ed5e8c,1700000000,Excoino,501086.8404
2/19/2023 15:44,0x78a49e1ac2cebe0d33fa1716b7574fb849b260dc2cab31bfb9d622d638541849,130000000,Excoino,648652.4523
2/19/2023 11:51,0x98d4a3efa4ef335eca93d69b81d74cae9c6b770700c3dceb205755b92493f9d2,700000000,Excoino,422768.6523
2/18/2023 13:29,0xb7ab1653754cd9e2ec7d714c4038be35a8dd8377ff472c9939facda2b15e6dce,900000000,Excoino,722032.0329
2/16/2023 19:49,0x0a8462eee4ce5bfce341917188e4f2cb7f54b155f6c5b03399d7b8cd416f5538,1300000000,Excoino,926890.2345
2/16/2023 9:46,0x0f3db25cd7ed89dcfebaa58517b3e71bcf627b13916a6abafd8542bf5825b21e,1500000000,Excoino,569126.0071
2/15/2023 14:37,0xd96af051ae8d025d97154120a4ab4c515deef90c73b1040e23ad5e785ea6281f,400000000,Excoino,940946.7017
2/14/2023 17:27,0xac53c9faff2e1dc2883d7f13be257951ec3b92b64bdb194dc708e9f11e96d117,900000000,Excoino,658794.3904
2/14/2023 15:27,0x927eaeb7dfbcd89a3cf3254eb1692a8a415c498377bbef731c5ad4638aef0e0a,1000000000,Excoino,810629.6515
2/14/2023 15:27,0x3e164c532575cc75e0e909b0132903a019149b148de674d25f2dbd2c9baaced3,100000000,Excoino,817473.1412
2/13/2023 11:58,0xbc231e33c6e372d52875e89499d1f6d86947fed61639bea4b6308ef7e2e4804c,300000000,Excoino,419504.5435
2/13/2023 8:31,0x59db2708edbc2c0ec6e09e65801868dbfa54d999d281226a228ca32d9eb6e1e6,300000000,Excoino,369995.0053
2/10/2023 9:47,0x80d96e3a13334bd2d33975c07da93765c0888f0b02c9e377e3a8595b7a0475af,700000000,Excoino,422962.068
2/10/2023 6:16,0xbc75c0e3cb333bef52af72c5b13456e9d9f4be7ebee01546099ec39df3125a52,200000000,Excoino,400418.2716
2/9/2023 12:09,0x8986a2d99e62a196d023248d18b9c9674888d8b02beca8980a8d5a558cbb9785,1000000000,Excoino,437772.0062
2/9/2023 8:26,0xe9ca55a62abdfb3889ff3e0256066819dd4895fa8f90c17362c4becac1102a20,500000000,Excoino,470265.646
2/7/2023 8:28,0x85926022710811c6245dc505310706656aacd7ebd0ec2c5336e4abc87dd38034,400000000,Excoino,520029.0639
2/5/2023 12:33,0x5857c4ccd70644716d8bb1580fd91eba06630e3cc3d0830cac1782509fbdd9cd,900000000,Excoino,361343.2712
2/5/2023 8:49,0x508c08aec21ef1ff5c24758eef98918cf2ee38a424bfd3be366960e9e2d46581,350000000,Excoino,346503.9194
2/4/2023 11:46,0x72589a57fe6c7b2ee11bb840cadaeb7ed39c6757d2a1fd96ee8e7415a74f932d,1500000000,Excoino,545515.9209
2/4/2023 8:55,0x8e094fa2a6a7a8a8541e4f9beefa0a343a809eef9e850e7f482f09a51d1ac41b,1500000000,Excoino,376531.6949
2/2/2023 13:10,0xa642b923b273646ea70d3a25ab2ce0b2b2182f760f8baae084bfec033874956f,1200000000,Excoino,675549.4859
2/1/2023 14:58,0x865be8e0aed8ddf827bc54e4fde94841e1128eb2bdb1a1333caa27ee1b08259a,900000000,Excoino,430404.3471
1/30/2023 20:24,0x0e0c3943d775e6e3e3d265c12404e1105840d07634c6409e3d6b0f925eb68731,1500000000,Excoino,527688.9128
1/29/2023 20:28,0x456eab2efadc762b1a753de8d85dd48046d6d1d14963fb3c14a0ee95e5a7934e,350000000,Excoino,355072.0684
1/29/2023 8:54,0xf70bdc25fdb97b3a18689f6aebc3231fbbbb6b78f1ef9154d96a24b6541bc6ee,1400000000,Excoino,304532.2289
1/28/2023 19:10,0x4d6934b2ec72de2a71fa270773e425a41ba2a75a99a176f6f3b149133b2d9927,900000000,Excoino,326803.4305
1/27/2023 20:47,0x698276a5dbba1257c519135003a2e43a0be44e46f96c98a79be679a5fb06729d,1000000000,Excoino,439889.055
1/26/2023 9:16,0x58429d8c9c098402fc444fa590bf6fa593ca00729d7bb4b909a3135b92de59d2,270000000,Excoino,301453.8048
1/25/2023 13:14,0xa9f2e46976c73597a972b57429aca2e15a900f0394f0522a895169146240caca,100000000,Excoino,337734.0658
1/24/2023 17:14,0x59a022c2c5daf31f70b94e1478dd1655cfd56590ce416ccd1260f3cd81ec2b9c,100000000,Excoino,706204.6841
1/24/2023 16:49,0x15855b78aaf770d3f61066b24dc4fb594b79e0b12c9c96728c2198ba06b5403e,1000000000,Excoino,708717.3544
1/24/2023 5:15,0x31e630b186f96505e8409959ac5deb37be423000aae7ccaf0ef8a2cd58a481db,1300000000,Excoino,327622.7618
1/23/2023 12:30,0x9e991408ec36e66066a01c82c170dde83dba26b379d5808390406678767873d6,700000000,Excoino,387302.2794
1/22/2023 19:00,0xe7f85c17bf1cfc990ee2b8744a98d402e0b234a2f10d4c18fb244f9964e90ab5,600000000,Excoino,315957.2958
1/22/2023 10:21,0xb837b87cfbb1e84973026c5cd75150b1a876446ab1f97815bc6d6ac481d96bf2,1000000000,Excoino,302311.0852
1/21/2023 12:19,0x39fb7e02be7495bf9cf13b93cf37a0088676e9c449b99b01997ac3ed9ec88358,300000000,Excoino,304787.6279
1/20/2023 7:54,0x437d84d42cd9a89d52736521b93b12d5bec68e83df02000ae7962d9fc37f40c1,700000000,Excoino,369284.6106
1/18/2023 14:37,0x10570c3928cb00ca6e0eebeb6ed3885f2a591ca2e3afe705b6801f9dc6c1a85d,1000000000,Excoino,489471.5167
1/16/2023 21:24,0xa5bce286d81dfbd8b8cdb6395e00361c9b48df6242915f334a0dbf1dc3308a10,500000000,Excoino,802483.3068
1/16/2023 19:06,0xb5dda1530e1b2690ce74287ba1c7bf79e330ec0e2fae9e45a9436b8709d65b76,800000000,Excoino,694373.3999
1/16/2023 12:04,0xe59c482482b2d9c73df537da22c6a2623fa2f3c8285f943ccd95926966a4c069,1000000000,Excoino,339993.0445
1/15/2023 11:40,0x75fa011448c3e861c7e50795c9e171759a47b82211f26490600a020ab4318518,1200000000,Excoino,315768.6278
1/14/2023 12:52,0x96e145a1103ba0e2e0b5de57f217e49f48a57cf99e3deb4b1b1fb8527e7f42f7,1400000000,Excoino,374198.9917
1/14/2023 10:58,0x35dfe079f8bd5d1646c627a72cae6bca5492a98c7cdf5865bd28d4778a526fda,500000000,Excoino,364831.0159
1/12/2023 23:04,0x8aa8970c8ac1aec22e3828c0c6a0c69213b7db710c9bfb99129b6aff9d503b69,80000000,Excoino,557047.7033
1/12/2023 20:16,0x242593640d25dc1e4d249e29f8221d62af10e445053b478da60fae053e99d610,700000000,Excoino,579740.4945
1/12/2023 11:18,0x87d8c59e3845b2186983929b4de31ae9443fb2b44d0ebbbd2da0468a9c8c9ba3,900000000,Excoino,337919.9213
1/11/2023 7:59,0xe21fe64ee22fa0560da5054fbca96fbad91a5fd5ab7c6153a3aeb5afb4bd4b18,1000000000,Excoino,317362.9746
1/10/2023 13:47,0x9a717d74f2b31b3be950c3cadfa23623672bdf00d8f422596c3283ba6c21daee,400000000,Excoino,406957.3309
1/10/2023 6:44,0xa3b64c1c9b459fb608417e337464db49287f4fae734610bcec702648405e5c21,1700000000,Excoino,313680.5245
1/9/2023 8:10,0x927417ca375d4fdd4dce1f5ec98fbd1b0ae14067c41425e018465d4b7af396d9,600000000,Excoino,317144.2599
1/8/2023 17:51,0x4023513fc46816b12859293c9238c621f063b16aad2919c7fa07749215fb7f54,700000000,Excoino,443729.829
1/8/2023 8:13,0xa25102a20359224dd98509d3e632a5b697fc513f3c9dfb9613e949f20b8321a9,1370000000,Excoino,351324.6951
1/7/2023 9:13,0x3ec162da0663ac78d74e37161824518367d624c40b5ecc57adafa33a4f086189,1000000000,Excoino,306644.0868
1/4/2023 18:00,0xa3d06e3a2fdfa2725644489d74388b1acb5f3dc1c7549ff98c5a8ea1b326aa83,550000000,Excoino,604949.5852
1/1/2023 20:43,0x619d9fa512ba1330c7f211a51da82ed8b6136734da222fbef1e4114cf66a9382,1000000000,Excoino,306795.8229
1/1/2023 11:13,0x136844ca15ca28bea45ca73f4a3edb0f0166ca120b2c9fdaffe4af9d01470ae9,500000000,Excoino,317950.3312
1/1/2023 5:04,0x8cabae4b1805decf77d779f3cd565d27e1777e5ab2c9b5d8642c72582f067151,1000000000,Excoino,323701.2577
12/30/2022 11:11,0x1fad0ac241a82c885ab6a259d804f48bdf1c2657803f741dbfc0751630090e00,1000000000,Excoino,294534.9998
12/29/2022 21:27,0x73455cc2440d10e755c26a33ab20c2c0d7e5ad77030ac421f257b12de5f6dc63,1000000000,Excoino,363438.8583
12/29/2022 16:19,0x4feaf7184c19c8e11045c48db80dfb5ba2822d8f55810681fe1ed55617f63296,900000000,Excoino,376870.1243
12/29/2022 6:59,0x7b161c54277547a582ec37c5e7249792d9ac538bfdeb84f9cd6eaa72f0e23e77,1400000000,Excoino,301948.2581
12/29/2022 6:33,0x762bb7a6a0ebff36eecf6959ad63b0223bed01c885fc1ff1c970a1f2f68ade0f,800000000,Excoino,307012.4959
12/28/2022 18:52,0xfc2c1a2720c53175a731a0b09282ce24ff24d6537757ac056d0c61bfacd1f663,300000000,Excoino,350522.9571
12/28/2022 12:58,0x584ad6a608b27cd29fc89da75064012a0864ceb774dc5193a93a0bb5cff0e94c,500000000,Excoino,298100.1293
12/28/2022 10:32,0x37faab33134c22b06251d0d5d9f422dd34bcacaa6f8c6d15750b9d5c9713e78b,1500000000,Excoino,279515.1497
12/26/2022 20:56,0x4722eb59dd1a188210c5e4d1a201941d30cd4c14817de2b1d99ccfd16df83a63,500000000,Excoino,258609.0145
12/26/2022 14:44,0x2353634564bbe5bd9ea7ca7144998599edfbac61efdee9293109630ccda2e5c0,1000000000,Excoino,243200.0547
12/25/2022 6:25,0xa8bd301548924eb9cd572bb73fb341047793dac191122ff3c06ad414c6ee9ecd,500000000,Excoino,230582.569
12/25/2022 5:47,0x3cf5fcc4c6a55d3d561346777c4d03582dd30198abf575fc91fffe57d6b87d60,220000000,Excoino,248750.1039
12/24/2022 10:20,0x821ac3482ba5b88824f78064090d9d7013cb6433ecc74926fc42b4a829892e5a,1000000000,Excoino,236149.4866
12/24/2022 5:07,0x9fdc838632d08399ddf4dd90cac4862e39c414e5534ad1bd56f87b83f30b4250,220000000,Excoino,258192.1616
12/23/2022 15:58,0x56017fd66092621f361c9b5c734f867b351e3fdccbf7f20138a88b5f7df84819,1000000000,Excoino,364648.8055
12/22/2022 20:47,0x5ac4328cee58f8a981cbe096f5b933043aded79263387afb36a2570ab23dea56,400000000,Excoino,333281.9751
12/22/2022 12:41,0xfe3e6c4b61e7b46c672b8e00ed722dd334a0329021eaf8aa390757eec2a9f11d,500000000,Excoino,364742.5216
12/21/2022 18:13,0x5794ecdf91a8eee49fd5d80ae77b761d0e6e3fc17394c5091ea55ad8faef0e65,600000000,Excoino,359727.5588
12/21/2022 17:58,0xbcf75d9871875ccc88b8c68fcd94762c0d612f0fc543e9583565fb24d86aebc4,1300000000,Excoino,352019.6152
12/21/2022 12:47,0x856de26b01b8a34171d13ae8e6918f9effaa3ba8baafcd168d81c4dd95a6d773,1000000000,Excoino,305295.8518
12/19/2022 20:51,0xe0f6b86a47850847342ef6ab185745ba5c676a3a7b05e1d0ab854f7a36cb88de,550000000,Excoino,353706.8906
12/18/2022 18:34,0xa1e1bc5b1bd1adc0cff8665772bc1b11144c381975b50acd5480488f435c672c,500000000,Excoino,277104.4796
12/17/2022 10:40,0x7d434ab89ffb1722762c2550bd44b62dc93f27af6998d270d5bc79ae30f39151,200000000,Excoino,264078.3017
12/15/2022 22:16,0xc6b8c254670652e3908c19cf34c6d900ab420a483b2372ff8358292a55103e2c,700000000,Excoino,383732.7467
12/15/2022 8:52,0x202035879b044cbb4bc05cd1bcc3397c36d3b6a01dc416f7f20cc18ac4a0c24d,800000000,Excoino,274262.1906
12/14/2022 21:12,0x0f9f6f46abf0590ee64e8aea323faabe2f46ae37494bdc5c761533144f69e132,600000000,Excoino,290626.9569
12/13/2022 8:34,0xd8be809dcf5fff185b779bedc4b5d9f52626e71c38499be5c1216bdacce65d4e,1000000000,Excoino,327151.2528
12/11/2022 19:16,0xa2f8df211bf81a051131ab644fcef7cb5a9dc73cee377c0426dfe809737294ca,700000000,Excoino,396066.0139
12/11/2022 11:46,0x2364d6239c79969b3ed929cc24ccb8c399127e6b66767e0326224e6b4abc08b5,400000000,Excoino,292562.4185
12/10/2022 19:05,0x6773a3e7020b6a5a20071a1f691eaf25e7dee3d694c436bae67a9b31c176b7e9,700000000,Excoino,305331.1068
12/10/2022 12:00,0xb420bce6ab93bbea2d096bf06bd5b572b9241a8f6415cdc61d05a47a9f0a1db4,700000000,Excoino,321428.6209
12/9/2022 10:08,0xd2c143bd4f746660015a4e245e5ff9e5eb81e8166e44ed7b78e4a9666391e983,850000000,Excoino,381171.924
12/8/2022 16:46,0xe0136dcc1c8e6ac801733e78c832c601486c4d1e6c291871bbea6370e306070f,900000000,Excoino,289873.6938
12/7/2022 20:44,0xbad55c1358eabd5a1ba6f9bbe36ea5813fd787c8dbbc954c31594574de50c324,400000000,Excoino,325251.6729
12/7/2022 16:24,0xf199cdd64900e75c76e70077efba2b995cf489f224176780aa91f4247499796c,200000000,Excoino,335547.6074
12/7/2022 12:54,0x7597820adcbd153f6c767e2f155b124a0cce488a9048ee67c7bb2967511b124d,600000000,Excoino,299008.6007
12/6/2022 12:59,0xa78e1ca7ccfe5569079348d63389830a8c6c0426b25a8b6e3a51dac87800f216,2500000000,Excoino,323984.9932
12/5/2022 18:29,0xf5f42e69ece48307ca4c2ef8def98a5b4f62df4fe13287775299bed8c978d858,1700000000,Excoino,316176.8611
12/4/2022 19:42,0x5ce48a07ee9e256785f5bb2b72ef7326a34f7eb5aaff3bea94a0f2c93a256514,1100000000,Excoino,256921.3724
12/4/2022 18:57,0xe81004a9999419225a2522c33d6c2b6e3257d9b33aee1b2e6c0f3cc717138119,1600000000,Excoino,282515.3617
12/3/2022 10:41,0xebd3d8557e10616f1dee49569796299b604c9b4483ad84e5afb72377886b1f1c,980000000,Excoino,236647.4366
12/2/2022 20:17,0x02a08f1a77804e5179ecf59d4972aae661b27d08ca6125fe2bb74160543e42e0,300000000,Excoino,639512.5462
12/2/2022 12:03,0xdb6b0326cb5214904968213e505ea016c4c0543877085420b304cd40f86d79d2,1000000000,Excoino,252156.9674
12/1/2022 9:08,0xee55535e5ed67cd0397c95106c3e3cf1e64ddce5d75dff609960ca660b0ece4c,5000000000,Excoino,260219.6523
11/30/2022 20:58,0xabaeec67f93a38522a0da66ccabcb7599d1e6f2c985e31cd344bc9ddcda952c4,400000000,Excoino,261877.4347
11/30/2022 12:27,0x457eef871567c00f4edddeac49bc9297494b5f39b776a049d55d9daf9795e623,220000000,Excoino,279888.4353
11/29/2022 16:21,0x9707df1588d0f5d95c712fe1765ef428c682b0ae510c1887173e5cc0e02602f1,300000000,Excoino,311192.8406
11/29/2022 8:51,0xf08a3092449d5b19b714004c135b73567d83b027a8884ff9a210c0207662f75e,900000000,Excoino,228509.0746
11/27/2022 13:33,0x21441f7f63babf8a01d0924672d08a38b0507895b6fbfe4042656140d59ec8ce,1900000000,Excoino,235466.849
11/27/2022 6:33,0x7f8379a60bf732676a803c587f7bd9d128aa2e12da0f6890e19e1e5a76e36264,4200000000,Excoino,202311.1939
11/26/2022 15:57,0x4d0b2f20334ff87b0bb0ae26bb5ac40a67038d2877e8847f78e0afad0582f359,600000000,Excoino,260670.0706
11/25/2022 7:47,0xa8f6e647a91154f1edee0d572b89454842bc8c7c013aff7201b2a522c8fabee8,4378415.146,Excoino,254237.7998
11/24/2022 14:35,0xa14b3de6414613a2958c083df180c3c925dd12676fd15216550b2840f3f2c0b4,260000000,Excoino,279136.6148
11/23/2022 17:40,0xd176e10ac786e33705327afcf708c58c56e84379be0f9f3b6d7ef1441592cc0c,2000000000,Excoino,361486.1692
11/23/2022 13:05,0x460dd582f65fa646d832ea77bca74a14f71bc2b3706fd06355a2f02ebc1dd596,1000000000,Excoino,267759.0992
11/22/2022 19:56,0x8f63709f08b4ec2a50587932cd666b601593e04e146194f821903230ae3eeb1e,1100000000,Excoino,479464.9638
11/22/2022 8:56,0x01d043209bfac4a22ca8089642c786843259c65bd266ccb8b70f5ec0f2a815ec,500000000,Excoino,246782.5282
11/22/2022 4:32,0xf491e9cb93e9f04b05758105a7171525daf6332fb539c32ed011353b870aeece,80000000,Excoino,241244.8429
11/21/2022 18:54,0x68bb4e2ec67054e3a1a136f565b02692883f27f516c6875126e87c312015f0cc,2000000000,Excoino,292680.9198
11/21/2022 3:55,0x4a0a3e9750040749f35738689c92c4513785eae70ce0196db891d5a25169a5ec,2000000000,Excoino,232994.4279
11/19/2022 13:43,0x9d570995f3286ccb06a2ee9de4f22866804922a26e8f0b03d4200515aa68ffaf,600000000,Excoino,247566.3068
11/18/2022 14:39,0xd4526a1ee9d459cacc95f5ffc8b9ae559b00170139e43926ae6852b592d3000c,240000000,Excoino,324630.5342
11/18/2022 8:06,0x1058123c3900498c9d6acf763e2176b68ee0f0be344efdabe61f8efa866aa189,1000000000,Excoino,263177.0347
11/16/2022 10:02,0xca2354b9688525659cf9b4e658b1d52db8aff2a3da812b2d6bebc9fb6e07d121,400000000,Excoino,296807.7494
11/15/2022 20:11,0x0bbd3c435643de65d49f8074a3c06b399dd32e2c8333b9dbbaddc08013b94c75,1900000000,Excoino,456913.4707
11/14/2022 19:23,0x394c10bbe71586306feda0c8e09d8612b707759ceb15858404d69cf659c8f28b,500000000,Excoino,427844.8663
11/12/2022 20:49,0xb5a57a7f05f56dbfa16ef9ab002da2da6b5bd9d8dc5119ff52b752d0668808f3,500000000,Excoino,245065.3372
11/12/2022 15:19,0x706ed246cd9f30094392e5d8583cb99a06a58679fc397feea6857a4d31d2538c,260000000,Excoino,312160.8772
11/12/2022 11:31,0x27abd0371bb4cab1bbbbfd9c12644248a6917ffbce0084b7b6c5e6b9107663cd,600000000,Excoino,306962.9735
11/11/2022 18:43,0xd40f1bdf38c4e6bbc4a924de96ba4b53014b6a7ef691ec74bf3763c636034565,2000000000,Excoino,434417.9054
11/9/2022 19:57,0x9fb8363196efac1e8dcebe77af4359ac11f610506ce59bcabb446cef19c6d28c,450000000,Excoino,1369042.805
11/9/2022 17:27,0x1047271d8f566467a27b8f0425d82bf4e3d0189d83797aed22afbcef75339bc0,2000000000,Excoino,1064837.945
11/9/2022 14:40,0x09eb1dc132bf776593d13cb4bac1e79b9677a28357b3a70a1711d77472bf0753,1000000000,Excoino,688023.0929
11/5/2022 17:26,0x84da68f1db2eaf54fa2b1e4d13d5d36a0233b68e92162c1a5b1a3abbc8af3dbb,700000000,Excoino,262435.8411
11/5/2022 12:47,0xb499d93e812f1bf26b302e0af5f440add33dbc83ee1662f084011e41b553f8c6,3000000000,Excoino,325626.1517
11/4/2022 17:12,0x78b65f8e6529be603706ffcd8e3478fa6a2685a14432d258539b1696808358f7,1500000000,Excoino,349148.5821
11/4/2022 7:53,0x8cbaa9352b70890f74f886f32d7ef2bd957539765674581725c6190d61b9cf4a,2000000000,Excoino,328719.4279
11/3/2022 7:29,0x97a253ece823575e1a425ef2e0ca8b217c3f568054c2066ca6ffaa2d0eb17e70,1000000000,Excoino,363662.638
11/1/2022 11:27,0x6ed607cfd25cbbd4c81b4fed5ec8a086285564f8e6ad3f29b4d39dedb740d636,420000000,Excoino,206092.9722
11/1/2022 6:45,0xdeb900c813d774bed7d6d72908ee9d29c9f7f39e7a1c41a526c6ea0d0fb6d51b,700000000,Excoino,194317.9249
10/31/2022 5:45,0x03e6458e181fb162da3a446d05f04b02b3866d21fcd6f5aac38ce7dbe9e23830,2000000000,Excoino,147098.6139
10/30/2022 12:11,0x2a45f051ef740c89e80fd764623277b75c963c075cf2b0f7e8db2eb2993c355b,730000000,Excoino,175058.289
10/29/2022 18:25,0x5393d3d231fa5a16501510e8c5dc709ea21d7b52689bda79d76f76d50eaa7e9e,400000000,Excoino,352558.0363
10/28/2022 21:23,0x054e2273b9c38ee87cd6861209ae82227321c63ffc6bf195954ca480844e3001,1000000000,Excoino,575461.3161
10/27/2022 17:29,0xfd3e040a49d959806127bff61e908843f5aca9e00b850b089f9f6f8dd6fccc3d,1000000000,Excoino,282486.181
10/26/2022 20:06,0xcccda159ca2f790bee95004031fe49a7aa532c39ecff1bd4cdd9b94eca6c2818,530000000,Excoino,546209.9129
10/26/2022 15:30,0x9d7a8c31c5a85276e4dc1d3800e28237ede9b1c3617d6dc0b97586332ea1d382,360000000,Excoino,763335.4959
10/26/2022 12:51,0xd2a5602e2ec815ee3929a91e0aef5a38039e562b24c6867adf332900ee27073b,790000000,Excoino,287290.7294
10/26/2022 9:20,0x360b0a89bfc6cd406afe8aa33cfbae578dd1ea37ce773e44112b07241aad5fa1,800000000,Excoino,327114.014
10/26/2022 5:39,0x3d29974c34226d653a398a851b1e2ba8b77c67381631123edacd95fd54cbe8b8,840000000,Excoino,211632.9584
10/25/2022 17:38,0x45c55fa91e627921e08f360c239e9f756812e812750e0ac8645dcd73bc91042d,850000000,Excoino,708744.2483
10/24/2022 8:09,0x2787b5f15a1210a95e34ae6a26b24eb3e1c06256eaa19fbe094d7f4dfe2d9c32,1000000000,Excoino,247681.4254
10/23/2022 21:43,0xbc6b092dd55f9e11e0be1a8ed8e2e131803bc2f7ca7b88564909a80b022bd351,1000000000,Excoino,264411.6068
10/23/2022 4:40,0x0fd0db61710afdd2f0358ad88b2a81125772b485f3024a537a35d2adf507c074,1000000000,Excoino,291145.4922
10/20/2022 20:00,0xc9d7149fc04b13e88ed490e9325e1f7ec83db4e23865cb67a871f8123ee9f2f5,900000000,Excoino,824149.0238
10/20/2022 18:06,0x3585a011423804f2fdd91b5057b484a392830354215edb309642abf0f2c3aa29,600000000,Excoino,865353.4115
10/20/2022 12:20,0x7727694d15f9e3e2c9ac5b9c74b3903557e75b5979069647b0c204140b4a31d0,200000000,Excoino,502494.4611
10/20/2022 6:49,0x165ac52f8d9bc5e5090c81032ed94335b6967aa5e9541908b2aabc57f2d4d7a1,500000000,Excoino,469516.2546
10/19/2022 22:31,0x9cc8cc5ea2749957be508cc989fa3e1776f7f032d6b7487fc947b8de25309bd5,300000000,Excoino,713466.2673
10/18/2022 17:57,0x6a4d8cd8d59df8acda43a949b8de9eb439ab51ff2c0de70968cd5abc4d5b5f1a,380000000,Excoino,685435.4331
10/18/2022 12:01,0xa0fb4a7aee73732ea1338e07ae7f3270220403edcddc245611405b420cc955bf,1500000000,Excoino,364864.3689
10/17/2022 6:57,0xeb6ccb45f27435675a3f7f3e566ff49a405580e62f2496499d6725563494ac90,1000000000,Excoino,265774.0198
10/16/2022 21:01,0x32ef0b942b85f1f3be6cc597458a7e531f1ad5cd9ad931044af931b7f1f8b6c9,420000000,Excoino,346603.9939
10/16/2022 9:24,0x6b0e633430b7be2f30a63d9599bbf7fa2759031e8f8489bf3a92501da0b6fd87,800000000,Excoino,316425.3363
10/16/2022 8:27,0x0336d68e31e48840c54f5950ccdd6a0645543840f2ed837eaa243dff71e60ebe,700000000,Excoino,243452.4702
10/15/2022 19:46,0xb8bccabeaa207f172aa451a7607b7291f2f9f8f433281e3ef65fa10733352d6f,1000000000,Excoino,334213.7153
10/14/2022 14:22,0x19015dd300d6dff0b13e72ea509ce32faf227381b05ee9ad5b3eb7c6dd175285,900000000,Excoino,433315.7552
10/13/2022 10:57,0x245572ef490033e68e496414d34855258aa5e0ea3eaa16339308465dc261ced4,450000000,Excoino,343427.7409
10/13/2022 10:28,0xef8f16e06684e8d10bd11076241aa1a7832e5e6d7f4ae5a29a129fe4dd07aa20,350000000,Excoino,427834.9227
10/9/2022 8:50,0x44dc47b9a2c100fa792d16064ae1ae2746b1794cb295ab3088f8b618fd126ea0,1200000000,Excoino,607259.4408
10/8/2022 11:19,0x9912c0d7cda6bc42e7103b2c2747ce501f450140a52ec03fac91da6159e9e9c9,2500000000,Excoino,166212.8663
10/7/2022 4:08,0x5d0a19e7cab7e85811933b86c3a75b81172793ac6d5c70a80c8f4e14e180df00,2400000000,Excoino,139728.3959
10/6/2022 18:41,0xba57aaf82d83e97a223f8cca91200988d76447764f830af39d8005dceadac473,2000000000,Excoino,362728.8623
10/6/2022 13:24,0x3639f2fff08dd1f99838e20cf28368d2095f96f8584e96d86224060d01b6b224,1000000000,Excoino,290895.6001
10/3/2022 17:55,0xf3f0ae19e1de2205d3ac120f7d699867e9680812b053a1db674db7f0bbc37a4d,1500000000,Excoino,503515.8536
10/3/2022 11:58,0x59aee5b3a7025c9247137a71244d688d21e1d6df9183f7291c4af3dd71a15e95,16620952.41,Excoino,167031.4232
10/3/2022 6:35,0x078618781a394f6f34564719b9e46395579856a7396f325fea71c174325290d5,800000000,Excoino,174859.5186
10/2/2022 12:11,0xe477147ae97150c1606a1e81a17273d5d5dc7bb912f97638e7508a306c2fedf0,600000000,Excoino,95166.98186
10/2/2022 6:10,0x98997bfecb4da7dc32cbd13905f06a64e7ff668a79337cae756c48b5dbb8720d,300000000,Excoino,98864.68631
10/1/2022 13:50,0x049dde7d902400e9398c733a156ea27cf1978adbed861d46d7ec412476a08738,1000000000,Excoino,249870.3372
9/30/2022 21:44,0x3aa230719cf4091bf658e02e1d10ce71b0eed20220301f28d30c3013d996eb1d,800000000,Excoino,391946.9449
9/28/2022 20:12,0xe8ddf42e1c6bd4aa8982f0f08ac927dd3625d6432e86051dba2b3a63b1be67f1,1000000000,Excoino,359398.5901
9/28/2022 10:27,0xe408f43ea5453511d8d75bc6a62aed6d2ad1cc64bd0a76130ee1e37d8a345fc9,800000000,Excoino,231764.8159
9/28/2022 7:56,0xb1f7a59fd9c91a70793a9dd2a17c0746514d8c94ef0ad22c3ac8110c8eabf52c,5300000000,Excoino,288718.1274
9/27/2022 20:13,0x217ae79db4fcadb61f2d67a23e5315b4777178d8cacc4b9cfce42d6ec0a5584b,50000000,Excoino,325784.1207
9/27/2022 15:01,0xf78dc6e716840cbe885080bb5a911d03c96d4fb79d1c9db2dc1d0a92f3fe62d4,1800000000,Excoino,671322.6419
9/27/2022 7:43,0x6338a5653ab139987a2d34dd386f28cd649116bdace087f36cb91df739ac37e4,860000000,Excoino,879630.4353
9/26/2022 6:05,0x54157895fd657d19adfaa951d8e94036c4f5f2486a594ae125ef2013b2418ab5,600000000,Excoino,118117.7596
9/24/2022 18:38,0x487776cf39b581f6a58fbe854345de6b786a146d1d5706d8098935b0adae3c91,1000000000,Excoino,132540.9983
9/24/2022 11:24,0xbccb43c0fb781336ff792b38e6612f67771c5caec4459116f18cf07e0d93a0da,800000000,Excoino,108184.7456
9/22/2022 21:07,0x29ffe1581ef6c4c4211ef53aebe3d40b72a5e3e8ec1543f6cbbe24b75dd3db7e,1000000000,Excoino,232856.1222
9/22/2022 6:43,0x717612c3138ef2c71484a8e0724e01aa3052f80792178a6136fb4e31ad4ff675,1400000000,Excoino,183876.997
9/21/2022 19:46,0xff7b5265999956cfbbb264cc175274e7aa3c1c89e92ed87ad1df1eac21923f16,1500000000,Excoino,314712.346
9/21/2022 11:19,0x01d43ca68fa8cc21b3e922af33085e6b3563c6cdc34d7e69a0de7d267250e83c,1000000000,Excoino,117097.6805
9/20/2022 11:57,0x47b6f680f3a235d05f9458b09897dc628fd180456eda1665509983e66eaa78e5,600000000,Excoino,90371.43335
9/18/2022 20:44,0x01e286fe152c981f9fec6c206c73e2edfada72eae94e5b40ced90acb125f420b,1500000000,Excoino,196090.6874
9/18/2022 4:24,0xfd44dc62a5d5367da4a3c64b060bb09fe313426f3d32c0e18f45845fb9b66b9d,1000000000,Excoino,86465.00339
9/17/2022 12:41,0x4c0956af77c540950b5c1d8a79bdcd7daf328ded2b169a3b03c7c533ca84349e,1500000000,Excoino,110836.1728
9/17/2022 6:29,0xeb75f21a25cad9d20bfd321e5004d26bef4c8b1067f986482bd389644d47a051,400000000,Excoino,84657.24784
9/14/2022 11:47,0xd53aa34cb7842d012e604ff38ef2d38fc7098992d5a79d998909eac634e7c26f,1000000000,Excoino,114718.0507
9/14/2022 8:36,0x51949bf262eecd0e8bb113c1e832cb0a0fa83058f74fe054820f5f1892231dc9,100000000,Excoino,265952.1672
9/13/2022 19:15,0xc9f61f5317f3cd2e98579ce386da4c9823d7af34b2ed59486da3ec4b0ab8ec52,1000000000,Excoino,812329.1669
9/13/2022 14:59,0x3030a1f1f0b632326126443242b3f9856fdc459e5204519f37dfcf85a41179a2,1000000000,Excoino,821906.2037
9/12/2022 12:42,0x2faf63b16ded5c900227260915168f72629cdbc0d9a31c31176070c2bd240663,1500000000,Excoino,233217.1165
9/11/2022 17:05,0x44d5020f76a207eabcf4b6182298d70cf5c17d55459d00f2184700eab7922347,4000000000,Excoino,716384.4951
9/10/2022 8:52,0xb545eda28b7dd1e491a41e661370608f0a2f711c52d81cc7d91bb6d2419fb900,1000000000,Excoino,123551.908
9/10/2022 5:11,0x147b16a0882fae6087805ec55e248a05f28063545086d758070e521c7c64c3fb,500000000,Excoino,176900.2788
9/9/2022 18:46,0xbd31473aff5e70b996801a2ecea2da9143ac1e7862b458b825d5223459e41b78,400000000,Excoino,579395.6287
9/9/2022 16:03,0xd4d85783a60b37682234f8acec9a6b682831fb586705a26bf8b715f2f0f71392,1000000000,Excoino,837306.4689
9/7/2022 19:05,0xf9e78c1a2f626c64d00a0193bff664ae931317078ceaba68bd78b315acdf78a4,1000000000,Excoino,510265.34
9/7/2022 17:15,0x7d44f269803338271056657f492174f36fef9bb1aefc7e83aeb31199ad3c86c5,1000000000,Excoino,552710.6177
9/7/2022 10:17,0x48d049759248d997a4c82807c24d4981ab3263cd31871157bf11b6d1aabfe32b,2000000000,Excoino,215375.0268
9/7/2022 7:42,0x31d2c0d61a3dcff76dbf13e59668f72b1653ead4cabb03fd51eae0acb2fa5093,2000000000,Excoino,201653.3029
9/5/2022 10:18,0x3ebb94306dab7805264f0f5d47ce07d72313968998dc3d52ebc3049a2a632e24,1000000000,Excoino,105738.9485
9/5/2022 10:01,0x861f2080ac1a36f420665d330362a0d45b8f76ceec38d9de2de41eb5c0a881a5,1000000000,Excoino,139645.634
9/4/2022 20:21,0x9b0f0fe9757cf545fcd688d74a2ba9970aed334f0bca52def0833a14403aa649,1200000000,Excoino,436652.519
9/3/2022 12:46,0x58aceb4ef31c3b367c5b47a765bbfe51fc5b45b9a8031519cabdfc4277c9fdda,700000000,Excoino,142410.5142
9/3/2022 8:50,0x78c8e9c19a46c0923167f03b1a6a466045b880a85f9427a8cd6a8702d7608f80,500000000,Excoino,197929.0584
9/1/2022 20:01,0x14c26e958155c4bd413888c6877614d3aaeb660d81987a411d576fd4a8486362,200000000,Excoino,491701.4827
8/31/2022 6:22,0xd8d83fbff9eba90a4c7db4d88762d521d7347c3d943d4db4109bfb3b8f47330b,800000000,Excoino,345209.4689
8/30/2022 18:27,0x6b1785b99038aee24750917bfdc56c7870c125e515186f8525677468c7360ad5,500000000,Excoino,446810.3966
8/29/2022 21:56,0x214c36627bf6bcdc58588c43054488b94528924b92c81241eb792ee1e305d6eb,250000000,Excoino,560445.7446
8/28/2022 15:29,0x6bffc7527acceeb75b3ef464d2d568cc139b8e359c0018a556dd1bd08d44c4c1,700000000,Excoino,123410.5091
8/27/2022 14:37,0xb4521ad126d9c270e98e0aa84bd8db8c332b442179563b4034bc60921d499934,500000000,Excoino,335973.9009
8/27/2022 6:46,0x0bc7fbfd640a6a3a9a6d9a19499184bc99b40be0702ff826e1f875ea3e946f81,100000000,Excoino,184778.5108
8/27/2022 6:34,0xfdefbb39f34ebadb12429c6a2b45b22a1c4f56310bf7972ba7c868a4d229a7ba,2600000000,Excoino,149468.14
8/24/2022 20:04,0xf0de46a736dc174b8e3fd4592f69ca72bc4aa9e1075c253fe05b8ba850330595,1000000000,Excoino,420336.8984
8/24/2022 19:10,0xe64091df4a0bcfa21ac51519b3ab51bb9ea1335cedd26c9599df75887d76e44e,1000000000,Excoino,197529.6189
8/22/2022 19:55,0x0f0fd99afda43cfe20c02b01f1a0f172c06962ebfdd8a80e888e6cb8f780e45c,3000000000,Excoino,508974.5121
8/20/2022 12:02,0x2ce8c11e35b2537cc2374a81b71efc136c6a9faac8e11325058b8b6c231b4ce5,2000000000,Excoino,91684.8748
8/19/2022 8:08,0x91a5d3351889b5420431a704e5db4bc978c5d47970b60466a0cafcecc231495d,1700000000,Excoino,293107.2696
8/18/2022 8:47,0x2a8709d8459c34437fcfe6c51950fa4722acb9058fef687f4d54520718a73bb3,2000000000,Excoino,206738.7717
8/17/2022 14:12,0x2b99d6ef0707deef1d6ef71d8795499dcf32d1772863a4179324ae055614684f,500000000,Excoino,633664.4913
8/17/2022 11:16,0xde0145be2ccf6ea477c2e97449121020265722a3d40c059e9e6586ba345f6513,1000000000,Excoino,108459.1465
8/16/2022 9:22,0x042e43516c366ccf8920504728b37f8b438e74bc1589810d6b4808df5741970c,400000000,Excoino,273075.9201
8/16/2022 9:21,0x8b2ca2e457a7d55700154de0b459aa02faf405eeb458314387b667d52db6ff83,1500000000,Excoino,270531.1244
8/16/2022 6:46,0x88451acc683df68d1bb1496ed2c250c34d921b5118fe5577626809d8c28b80fd,1000000000,Excoino,211655.0381
8/15/2022 19:41,0xcb3bccccf753ba9d6710dd6fd1675316f89c733e9d18a0f8336374dce832267c,400000000,Excoino,361334.0494
8/15/2022 8:39,0x941e9bbd717127f078b4e6ff87cb3f2600ff357bd844b3883196a1ebb41cc4a2,1000000000,Excoino,174679.8995
8/15/2022 8:34,0x1be0540cdfa4c3f70b1de445eec6fb7fcc366c2e1b2a441c00185f16991a391d,1000000000,Excoino,188508.6511
8/15/2022 5:25,0xd2446e5d03a98663aa12b81dab9d30e77660e43afcc8800ab4d1aada3d783945,1500000000,Excoino,411972.9019
8/14/2022 10:55,0xfa53d560d9409d1de68fd5c219461fa306724de878e30ef5cdb7ef9b03cf51fe,1000000000,Excoino,121004.674
8/13/2022 14:04,0xf81f6b15886778395cd1caa5d3d9db5f15ff3bff85daf614848d4736160f9f89,500000000,Excoino,566744.7341
8/12/2022 7:08,0x53789f1afa3442312d05565931fbc8eb6744c11584d682390744ee361dbde505,2000000000,Excoino,202652.6046
8/11/2022 6:39,0x820a02beda36fa307d5b91ffd09487b959125cdc3132b19e01d95521c90cef4c,1000000000,Excoino,239293.8049
8/11/2022 4:59,0xd46833eaca18b47e7a257bbc59f93bde400cb258ff969f3a874f3e7dbd8321e8,1000000000,Excoino,315533.5366
8/9/2022 12:40,0x5a849a8e36ef1f4f2807f57d1ed8b0a0ae4abaa8fb14133330731471e12043a6,1000000000,Excoino,227785.4133
8/7/2022 21:15,0x52c14c40a109768e6e1d96212044e43f0bd0ad53e022e742841e10f2961569c4,1500000000,Excoino,191064.9263
8/5/2022 21:43,0x7a9d72675008c4decfbb296d37ebea10bb81441c18c51f2a696053440a19b0d3,500000000,Excoino,261872.2442
8/5/2022 21:41,0x6b8e80e4ee051ac99b5e99d758637f38333f27999105013128d1d633b5a63333,1000000000,Excoino,266104.3481
8/2/2022 11:07,0x9f90bab36176aa80a3d2cb953940dd8b08b30a0e58a8c6c8988a2050a4c0bc9a,2000000000,Excoino,145554.276
7/28/2022 9:16,0x066769cfdccec7e98e465a5b2bdbffcabb27bf7e4d112a733191ec482a225fcd,500000000,Excoino,147512.7755
7/27/2022 12:46,0x7a3b471f22f602d3e8af1ee7bca6c3ae648036599de1bbdf0a65f29bc510013e,2000000000,Excoino,215403.6144
7/27/2022 6:28,0xf02aeb7a2ff486d30cbc285a59a2993eb9d3772906ceed2e846711a58bae41b8,2000000000,Excoino,233552.9106
7/25/2022 7:03,0xa2d200748d257c7904573b74efb5f58d2bcb9849fc7e2ee08ec1858023606b57,600000000,Excoino,171865.3013
7/25/2022 7:01,0xc295c946066e4d78e6b092a393507fb97c82cd5f1b13f06711ebf9d87c7e0caa,1000000000,Excoino,141506.4277
7/23/2022 5:37,0x368eeb78c3eb5cb194aa9c3d36f6de0505c051e2b8db98503d2ca25c3fbe23b1,1000000000,Excoino,146782.9697
7/21/2022 11:47,0x892b4b9ed708b3fb7655ffc2a5d859c2d95478b0115663824b86bc67743ab739,2000000000,Excoino,288023.9335
7/19/2022 5:42,0xa49a4c3618c159897226c96c5917dcc2dd7e4451ec649996a76b78ed97181cb4,1500000000,Excoino,306576.8147
7/18/2022 7:56,0x0091012d0b3492b1e903e0a8a1dc571119be3b096a6658b5e175363e0e6514ed,1000000000,Excoino,363508.0272
7/16/2022 9:31,0x1ea66824613e0af12860b44d2d68d6a3b182ec918b0af6d15607c26b6f38d09f,2000000000,Excoino,214713.3244
7/14/2022 8:31,0x29d8d0a23d252edf6db3710c0437c55bd7ad9353a0ff1b4542672c085a02ef6f,6000000000,Excoino,248568.9015
7/13/2022 6:15,0x564f7735674caff453d7e89c6a0fb07909028dd69bf79c99d00cda44a0a870d7,2000000000,Excoino,187967.9887
7/11/2022 17:26,0x327f40111cd282b29a1ca0916f34207041e352e9e6913576b7e5561a3bcc3c3f,2000000000,Excoino,876479.4386
7/9/2022 5:00,0xe3580a97181f095b229dd2e3d1e24f65fed60a6bd445091f0cd51cce034679f3,2000000000,Excoino,283048.5634
7/3/2022 13:24,0x657aaa5da7dea574db9e67e9ccad3f5a59b9de3e23a3c61ea767a4a05422561c,3000000000,Excoino,445581.8394
6/30/2022 19:07,0x421bb1812309734b4c8fa58f9caca14d423aed99647cd5fb282a73830dd47123,3000000000,Excoino,838465.75
6/28/2022 12:38,0xda1b1d4ae6c661f7d0ada0af2607a3ff4461a6d6e7f196a2cdc0ebe452eef644,2000000000,Excoino,865512.9268
6/27/2022 5:16,0xb8637035ca9545452b363cbe7872eaa4c1f36c90d1ff4bc86e45aafe26953cc3,500000000,Excoino,529811.8215
6/26/2022 5:41,0x3e4a1e2adecbc7b55fc25def36a73c3eb50f001fdb220639853cba6f4435e3e5,500000000,Excoino,577145.8477
6/25/2022 14:59,0xfc618b9f105505f48302580ea52fdf13ce774b5d5714883c37eb7eb40083a7e2,2000000000,Excoino,767962.0099
6/22/2022 13:33,0xcd33a7dbf3198d631e75890a496f9f2d7dcec3560ae88a2551f161313f2b1cd2,1300000000,Excoino,954111.0142
6/20/2022 13:45,0xf8d882347c848d021cb9cd8334d5304653ea0d4e0841c8f3a9962245f106bbd6,3000000000,Excoino,707032.1003
6/18/2022 11:04,0x7d2b52e108c35b62fdb447cad035fcf4a62a3bddb386d6ca73ea8a90b5af9c9e,2000000000,Excoino,351195.0012
6/17/2022 8:13,0xda8a67591c2fdd2ef7587ca84ebc284d66a3e9a78f4c630f993bc1c12aad1d2d,2000000000,Excoino,698630.4163
6/16/2022 9:55,0x52234aa9527ed37ab22f1433061da85abc505c4d45b3ec3ba41b8933f3dc914e,3000000000,Excoino,594784.0515
6/14/2022 17:24,0xfb43754e8b357d9ac98640d72199516e5fe46e0aeeb0ecdd49012396e07f1160,3000000000,Excoino,690341.0092
6/14/2022 17:11,0x44201c7f3da5451ae49a1934f1a24fdc9d1798176079bfc55bfcda68e9ec083a,1000000000,Excoino,1314512.006
6/14/2022 5:00,0x8449f02fc65b92fac86fac4a35baef8208239556023b271a0e7c260760b1327d,4000000000,Excoino,706280.4003
6/14/2022 4:32,0x9e1169ad1b2872b9807aef1fdcd0c322267e48b2604f5a3b1d665ee9b89569e4,600000000,Excoino,1254669.568
6/12/2022 9:45,0x24862e8d29bbe4723fbfb4db57033a0c28583fcd8c0e8fb645ae436887bd7495,4000000000,Excoino,419844.5742
6/10/2022 18:36,0xf2e1514629a28f7252aca0970bafcd2edb64d5f0043effdc02799b498a2c8e01,2000000000,Excoino,1085188.274
6/3/2022 10:03,0x1503cacc6d4a10876e641acf5c769a9f6eb4f03831d6cda17cea5d7c1f267ef2,5000000000,Excoino,942463.7293
6/1/2022 8:40,0x091e5c0af76570ebfcb873b25246372a5f3c316e556ed4bb521735da81b5525a,3000000000,Excoino,725299.7128
5/28/2022 5:48,0xd9dd040f82b83709c94add3071c76204838f89b4fcbdbdecf9d7286ba4ff23d0,4500000000,Excoino,339089.2936
5/28/2022 5:42,0x57623bf1b8aefe0969e409de81059f95d2a6965224d56165345037e6b75fc684,3000000000,Excoino,656776.3086
5/23/2022 10:18,0x2c7b8515cde8b7913f21e381c0380ec91586cac743f11fe35d3775683f179de1,4000000000,Excoino,290947.7641
5/20/2022 18:33,0x0307b0a51495a5483f58c68579a8f4c855a413437caabc48a7cddad0b8da8016,4000000000,Excoino,1227005.529
5/20/2022 6:46,0x791ce135bb0629e5c9cae08e2a134259373aaf101ada472e60379bfb69cbbf63,2000000000,Excoino,415259.3009
5/17/2022 13:51,0x56e73427325bf163ae9fcf5f0127ffd5aae28b4ee468797bfda28c710de0a5e2,3000000000,Excoino,684330.5726
5/15/2022 14:24,0x9f49cd302d53425399b980ce672a193fc8948304cdf793cecdbdbda2a25e4369,2000000000,Excoino,404564.3766
5/14/2022 8:42,0xc071fa5bd54663e67034ab835fcc6cd93980d6c76b785e740817701f00ff8923,3000000000,Excoino,544377.5634
5/13/2022 9:27,0xfc98353935320d12da9ba61fa2cce1b32956c484733c340920019e89640687cc,6000000000,Excoino,1552951.08
5/12/2022 9:59,0xd3cb8eb0aebc20f51e398b98c9a78b81147317863c00c4f3a4fe0ebb1b36d945,1000000000,Excoino,4353936.101
5/11/2022 15:11,0x5c913ae025acdf6b3749c9ffa8a4e5aad47f093bf6bfa786678cd07141f01665,2000000000,Excoino,4732517.468
5/10/2022 9:06,0xd4c3082bda78fa7ff343f2d37a699407b47634e57aaa3acc12c0024bd0c5ab3a,800000000,Excoino,864671.364
5/7/2022 19:16,0x8b0ba3e136cd5cb423f82bf457402a5157fd00acb2ffe29e184a54e4c47d46c5,3000000000,Excoino,836133.752
5/7/2022 5:32,0x4778c9d12b02ca1f362511a6449230ea860e62195aa4e6648c0683772595a058,1000000000,Excoino,658058.1628
5/3/2022 9:05,0x7c06b0e0c2240231f7c28bcff76c6044f068882f56af81a044d95ad7582f8562,2565654134,Excoino,1356600.641
4/30/2022 8:12,0x6f995213539a6baa4adf23a00f88097f8ffc147a9e30d4403b0d3decc55154a8,4000000000,Excoino,648288.5425
4/26/2022 5:27,0x7141159e4152b33a62ee0318e428e4286367640847e689956850cb126c46f535,4000000000,Excoino,707579.0733
4/23/2022 16:45,0xf2fcc4f96282241f4c8ea3c90e419a7066a368b0b9aa789fed428207c72e3aaa,3000000000,Excoino,1062973.204
4/20/2022 11:11,0x8b22b685300a50fef388d5c80a2a0c6280c59bb246389a2e1e98b44db19ecc72,4000000000,Excoino,821450.6908
4/18/2022 12:41,0xc812131326ac88004c603f45983f292252c1ad5d6ad9c990aefbcb561b084092,2000000000,Excoino,586833.9761
